{
  "id": "a7801372-0f73-4a75-a523-677ea0fb129c",
  "name": "local",
  "isOverridable": true,
  "entries": [
    {
      "value": "rua",
      "synonyms": [
        "rua"
      ]
    },
    {
      "value": "avenida",
      "synonyms": [
        "avenida"
      ]
    },
    {
      "value": "perto",
      "synonyms": [
        "perto"
      ]
    },
    {
      "value": "próximo",
      "synonyms": [
        "próximo"
      ]
    },
    {
      "value": "na",
      "synonyms": [
        "na"
      ]
    }
  ],
  "isEnum": false,
  "automatedExpansion": false
}