{
  "id": "69ffb45d-9580-4884-9c5f-4cc3c88c1baa",
  "name": "quando",
  "isOverridable": true,
  "entries": [
    {
      "value": "ontem",
      "synonyms": [
        "ontem"
      ]
    },
    {
      "value": "hoje",
      "synonyms": [
        "hoje",
        "hj"
      ]
    },
    {
      "value": "semana passada",
      "synonyms": [
        "semana passada"
      ]
    },
    {
      "value": "antes de ontem",
      "synonyms": [
        "antes de ontem"
      ]
    },
    {
      "value": "mês passado",
      "synonyms": [
        "mês passado"
      ]
    }
  ],
  "isEnum": false,
  "automatedExpansion": false
}