{
  "id": "1aa5510a-08e9-4efa-a56d-d42bcc67a58a",
  "name": "violencia",
  "isOverridable": true,
  "entries": [
    {
      "value": "assalto",
      "synonyms": [
        "assalto"
      ]
    },
    {
      "value": "estupro",
      "synonyms": [
        "estupro",
        "abuso",
        "defloração",
        "violação"
      ]
    },
    {
      "value": "furto",
      "synonyms": [
        "furto",
        "roubo",
        "extravio"
      ]
    },
    {
      "value": "vandalismo",
      "synonyms": [
        "vandalismo",
        "destruição",
        "depredação"
      ]
    },
    {
      "value": "assaltado",
      "synonyms": [
        "assaltado"
      ]
    },
    {
      "value": "homicídio",
      "synonyms": [
        "homicídio"
      ]
    },
    {
      "value": "violência sexual",
      "synonyms": [
        "violência sexual"
      ]
    }
  ],
  "isEnum": false,
  "automatedExpansion": false
}